<?xml version="1.0" encoding="UTF-8" standalone="no"?><configuration development_version="8" major_version="5" minor_version="2">
 <serviceDisable>false</serviceDisable>
 <fipsMode>false</fipsMode>
 <networkPolicy>
  <allowedAssociationModes>
   <openNoEncryption/>
   <wpa2PersonalAes/>
   <wpa2EnterpriseTkip/>
   <wpaPersonalTkip/>
   <openStaticWep/>
   <wpa2PersonalTkip/>
   <cckmEnterpriseTkip/>
   <cckmEnterpriseAes/>
   <open1xDynamicWep/>
   <wpaEnterpriseTkip/>
   <wpa2EnterpriseAes/>
   <sharedStaticWep/>
   <wpaEnterpriseAes/>
   <wpaPersonalAes/>
  </allowedAssociationModes>
  <allowedWiredSecurityModes>
   <openNoEncryption/>
   <dot1xOnly/>
   <dot1xMacSec/>
  </allowedWiredSecurityModes>
  <allowedEapMethods>
   <leap/>
   <eapFast>
    <allowedTunneledMethods>
     <eapTls/>
     <eapMschapv2/>
     <eapGtc/>
    </allowedTunneledMethods>
   </eapFast>
   <eapPeap>
    <allowedTunneledMethods>
     <eapTls/>
     <eapMschapv2/>
     <eapGtc/>
    </allowedTunneledMethods>
   </eapPeap>
   <eapTls/>
   <eapTtls>
    <allowedTunneledMethods>
     <eapMschapv2/>
     <pap/>
    </allowedTunneledMethods>
   </eapTtls>
  </allowedEapMethods>
 </networkPolicy>
 <networks>
  <!-- The Default group will not be written if it contains no networks and at least one user-defined group exists -->
  <globalNetworks>
   <wiredNetwork>
    <displayName>wired</displayName>
    <connectionTimeout>30</connectionTimeout>
    <authenticationNetwork>
     <machineUserAuthentication>
      <machine>
       <eapFast>
        <validateServerCertificate>
         <anyServerName/>
         <validateChainWithAnyCaFromOs/>
        </validateServerCertificate>
        <unprotectedIdentityPattern encryptContent="true"><EncryptedData xmlns="http://www.w3.org/2001/04/xmlenc#" Type="http://www.w3.org/2001/04/xmlenc#Content">
<CipherData>
<CipherValue>WPB0Uuq6G9AlWKlpNX0H0b+h/ct99R+fEH9QBdi++eo=</CipherValue>
</CipherData>
</EncryptedData></unprotectedIdentityPattern>
        <enableFastReconnect/>
        <usePac>
         <allowUnauthPacProvisioning>true</allowUnauthPacProvisioning>
         <validateWithSpecificPacs/>
        </usePac>
        <authMethods>
         <builtinMethods>
          <authenticateWithPassword>
           <protectedIdentityPattern encryptContent="true"><EncryptedData xmlns="http://www.w3.org/2001/04/xmlenc#" Type="http://www.w3.org/2001/04/xmlenc#Content">
<CipherData>
<CipherValue>DR5XI5fFdWhRthZI0iZFPbmzeeMM9/DYOe1181xiAw8=</CipherValue>
</CipherData>
</EncryptedData></protectedIdentityPattern>
           <passwordSource>
            <passwordFromMachine/>
           </passwordSource>
           <methods>
            <eapMschapv2/>
            <eapGtc/>
           </methods>
          </authenticateWithPassword>
         </builtinMethods>
        </authMethods>
       </eapFast>
      </machine>
      <user>
       <authenticationMethod>
        <eapFast>
         <validateServerCertificate>
          <anyServerName/>
          <validateChainWithAnyCaFromOs/>
         </validateServerCertificate>
         <unprotectedIdentityPattern encryptContent="true"><EncryptedData xmlns="http://www.w3.org/2001/04/xmlenc#" Type="http://www.w3.org/2001/04/xmlenc#Content">
<CipherData>
<CipherValue>TNRVkt9/uzaMymb99FZmb4OonIM05/tU/77w6I1zV68=</CipherValue>
</CipherData>
</EncryptedData></unprotectedIdentityPattern>
         <enableFastReconnect>
          <alwaysAttempt/>
         </enableFastReconnect>
         <usePac>
          <allowUnauthPacProvisioning>true</allowUnauthPacProvisioning>
          <validateWithSpecificPacs/>
         </usePac>
         <authMethods>
          <builtinMethods>
           <authenticateWithPassword>
            <protectedIdentityPattern encryptContent="true"><EncryptedData xmlns="http://www.w3.org/2001/04/xmlenc#" Type="http://www.w3.org/2001/04/xmlenc#Content">
<CipherData>
<CipherValue>XBOKxjRkio2+a1NDa8EHFEfGX56OoMkg7N7oRBHZHIM=</CipherValue>
</CipherData>
</EncryptedData></protectedIdentityPattern>
            <passwordSource>
             <passwordFromLogon/>
            </passwordSource>
            <methods>
             <eapMschapv2/>
             <eapGtc/>
            </methods>
           </authenticateWithPassword>
          </builtinMethods>
         </authMethods>
        </eapFast>
       </authenticationMethod>
       <collectionBehavior/>
      </user>
     </machineUserAuthentication>
     <setting802.1x>
      <authPeriod>30</authPeriod>
      <heldPeriod>60</heldPeriod>
      <startPeriod>3</startPeriod>
      <maxStart>2</maxStart>
      <portExceptions>
       <unAuthenticatedAllowed>
        <authenticationFailed>
         <unSecureAllowed>
          <none/>
         </unSecureAllowed>
        </authenticationFailed>
       </unAuthenticatedAllowed>
      </portExceptions>
     </setting802.1x>
    </authenticationNetwork>
   </wiredNetwork>
  </globalNetworks>
  <group>
   <groupName>Local networks</groupName>
   <allowUserToSeeScanlist>true</allowUserToSeeScanlist>
   <allowUserToCreateNetworks>true</allowUserToCreateNetworks>
  </group>
 </networks>
 <connectionSettings>
  <connectionBehaviorAtLogon>
   <attemptConnectionAfterUserLogon/>
  </connectionBehaviorAtLogon>
  <validateWpaHandshake>true</validateWpaHandshake>
  <defaultConnectionTimeout>40</defaultConnectionTimeout>
  <defaultAssociationTimeout>5</defaultAssociationTimeout>
 </connectionSettings>
 <userControlPolicy>
  <allowedMedia>
   <wired/>
   <wifi/>
  </allowedMedia>
  <allowRunScriptAfterConnect>false</allowRunScriptAfterConnect>
  <allowUserToCreateGroups>true</allowUserToCreateGroups>
  <enforceManualConnection>false</enforceManualConnection>
  <allowUserToDisableClient>true</allowUserToDisableClient>
 </userControlPolicy>
<Signature xmlns="http://www.w3.org/2000/09/xmldsig#"><SignedInfo><CanonicalizationMethod Algorithm="http://www.w3.org/TR/2001/REC-xml-c14n-20010315#WithComments"/><SignatureMethod Algorithm="http://www.w3.org/2000/09/xmldsig#rsa-sha1"/><Reference URI=""><Transforms><Transform Algorithm="http://www.w3.org/2000/09/xmldsig#enveloped-signature"/></Transforms><DigestMethod Algorithm="http://www.w3.org/2000/09/xmldsig#sha1"/><DigestValue>F1qVtnNBig42PR54Jakde6zBWds=</DigestValue></Reference></SignedInfo><SignatureValue>dBC4czt9HyJMLxFrjaNskPkkGVQnwkwyEamwsV0p6R+cqTdbx23uJc5bb5J3KCOJYfum0hAm6QTD
VWITh7h2CJT8Eiqh5YApak9hrZVRp6SisKFJOV6idFvPsVgAzOIG0Dr5clOAc4G9LTXD59igTvM7
/3hMSs6uWsILd1YVBB4=</SignatureValue></Signature></configuration>