<?xml version="1.0" encoding="UTF-8"?>
<ServiceProfiles rev="1.0">
  <Profile service-type="user">
    <FileName></FileName>
    <FileExtension>xml</FileExtension>
    <Directory></Directory>
    <DeployDirectory></DeployDirectory>
    <Description>AnyConnect VPN Profile</Description>
    <DownloadRemoveEmpty>false</DownloadRemoveEmpty>
  </Profile>
  <Profile service-type="nam">
    <FileName>configuration.xml</FileName>
    <FileExtension>nsp</FileExtension>
    <Directory>Network Access Manager\system</Directory>
    <DeployDirectory>Network Access Manager\newConfigFiles</DeployDirectory>
    <Description>NAM Service Profile</Description>
    <DownloadRemoveEmpty>false</DownloadRemoveEmpty>
  </Profile>
  <Profile service-type="feedback">
    <FileName>CustomerExperience_Feedback.xml</FileName>
    <FileExtension>fsp</FileExtension>
    <Directory>CustomerExperienceFeedback</Directory>
    <DeployDirectory>CustomerExperienceFeedback</DeployDirectory>
    <Description>Feedback Service Profile</Description>
    <DownloadRemoveEmpty>false</DownloadRemoveEmpty>
  </Profile>
  <Profile service-type="telemetry">
    <FileName>Telemetry_ServiceProfile.xml</FileName>
    <FileExtension>tsp</FileExtension>
    <Directory>Telemetry</Directory>
    <DeployDirectory>Telemetry</DeployDirectory>
    <Description>Telemetry Service Profile</Description>
    <DownloadRemoveEmpty>false</DownloadRemoveEmpty>
  </Profile>
  <Profile service-type="websecurity">
    <FileName>WebSecurity_ServiceProfile.wso</FileName>
    <FileExtension>wsp</FileExtension>
    <DerivedFileExtension>wso</DerivedFileExtension>
    <Directory>websecurity</Directory>
    <DeployDirectory>websecurity</DeployDirectory>
    <Description>Web Security Service Profile</Description>
    <DownloadRemoveEmpty>false</DownloadRemoveEmpty>
  </Profile>
  <Profile service-type="iseposture">
    <FileName>ISEPostureCFG.xml</FileName>
    <FileExtension>isp</FileExtension>
    <Directory>iseposture</Directory>
    <DeployDirectory>iseposture</DeployDirectory>
    <Description>ISE Posture Profile</Description>
    <DownloadRemoveEmpty>false</DownloadRemoveEmpty>
  </Profile>
  <Profile service-type="iseposturejson">
    <FileName>ISEPosture.json</FileName>
    <FileExtension>json</FileExtension>
    <Directory>iseposture</Directory>
    <DeployDirectory>iseposture</DeployDirectory>
    <Description>ISE Posture JSON Profile</Description>
    <DownloadRemoveEmpty>false</DownloadRemoveEmpty>
  </Profile>
  <Profile service-type="ampenabler">
    <FileName>AMPEnabler_ServiceProfile.xml</FileName>
    <FileExtension>asp</FileExtension>
    <Directory>AMPEnabler</Directory>
    <DeployDirectory>AMPEnabler</DeployDirectory>
    <Description>AMP Enabler Service Profile</Description>
    <DownloadRemoveEmpty>false</DownloadRemoveEmpty>
  </Profile>
  <Profile service-type="nvm">
    <FileName>NVM_ServiceProfile.xml</FileName>
    <FileExtension>nvmsp</FileExtension>
    <Directory>NVM</Directory>
    <DeployDirectory>NVM</DeployDirectory>
    <Description>Network Visibility Service Profile</Description>
    <DownloadRemoveEmpty>false</DownloadRemoveEmpty>
  </Profile>
  <Profile service-type="umbrella">
    <FileName>OrgInfo.json</FileName>
    <FileExtension>json</FileExtension>
    <Directory>umbrella</Directory>
    <DeployDirectory>umbrella</DeployDirectory>
    <Description>Umbrella Roaming Security Profile</Description>
    <DownloadRemoveEmpty>false</DownloadRemoveEmpty>
  </Profile>
</ServiceProfiles>
