<?xml version="1.0" encoding="UTF-8"?>
<vpn rev="1.0">
  <file version="4.6.01098" id="VPNCore" is_core="yes" type="script" action="install">
    <uri>binaries/anyconnect-linux64-4.6.01098-core-vpn-webdeploy-k9.sh</uri>
    <display-name>AnyConnect Secure Mobility Client</display-name>
  </file>
  <file version="4.6.01098" id="DART" is_core="no" type="script" action="install" module="dart">
    <uri>binaries/anyconnect-linux64-4.6.01098-dart-webdeploy-k9.sh</uri>
    <display-name>AnyConnect DART</display-name>
  </file>
  <file version="4.6.01098" id="Posture" is_core="no" type="script" action="install" module="posture">
    <uri>binaries/anyconnect-linux64-4.6.01098-posture-webdeploy-k9.sh</uri>
    <display-name>AnyConnect Posture</display-name>
  </file>
  <file version="4.6.01098" id="NVM" is_core="no" type="script" action="install" module="nvm">
    <uri>binaries/anyconnect-linux64-4.6.01098-nvm-webdeploy-k9.sh</uri>
    <display-name>AnyConnect Network Visibility</display-name>
  </file>
</vpn>
